{
  "project_info": {
    "project_number": "624603888218",
    "project_id": "neurosaude-af8df",
    "storage_bucket": "neurosaude-af8df.appspot.com"
  },
  "client": [
    {
      "client_info": {
        "mobilesdk_app_id": "1:624603888218:android:1f6ac2d542cd6085347663",
        "android_client_info": {
          "package_name": "com.firmino.neurosaude"
        }
      },
      "oauth_client": [
        {
          "client_id": "624603888218-jsdmidhtksinp55hu70qqm5fgg6rmtiq.apps.googleusercontent.com",
          "client_type": 1,
          "android_info": {
            "package_name": "com.firmino.neurosaude",
            "certificate_hash": "1d5ccb2127e0eee12622c848d34143bd012f6633"
          }
        },
        {
          "client_id": "624603888218-skd9c9v3ti7v3s3vef9on006jg1kad40.apps.googleusercontent.com",
          "client_type": 3
        }
      ],
      "api_key": [
        {
          "current_key": "AIzaSyDWKxY4LVzXy0oOriLKp0yXLorXjt-S2OU"
        }
      ],
      "services": {
        "appinvite_service": {
          "other_platform_oauth_client": [
            {
              "client_id": "624603888218-skd9c9v3ti7v3s3vef9on006jg1kad40.apps.googleusercontent.com",
              "client_type": 3
            }
          ]
        }
      }
    },
    {
      "client_info": {
        "mobilesdk_app_id": "1:624603888218:android:d0d47872a7171014347663",
        "android_client_info": {
          "package_name": "edu.firmino.neurosaude"
        }
      },
      "oauth_client": [
        {
          "client_id": "624603888218-sjbjjec14jalda42jl7fno1l0gjerahq.apps.googleusercontent.com",
          "client_type": 1,
          "android_info": {
            "package_name": "edu.firmino.neurosaude",
            "certificate_hash": "37b17890fccdd7921bce387d8c8d3e78f375d591"
          }
        },
        {
          "client_id": "624603888218-skd9c9v3ti7v3s3vef9on006jg1kad40.apps.googleusercontent.com",
          "client_type": 3
        }
      ],
      "api_key": [
        {
          "current_key": "AIzaSyDWKxY4LVzXy0oOriLKp0yXLorXjt-S2OU"
        }
      ],
      "services": {
        "appinvite_service": {
          "other_platform_oauth_client": [
            {
              "client_id": "624603888218-skd9c9v3ti7v3s3vef9on006jg1kad40.apps.googleusercontent.com",
              "client_type": 3
            }
          ]
        }
      }
    }
  ],
  "configuration_version": "1"
}